candidate_id,sample,tile_id,mask_index,label,note,pred_label,keep_probability,area,bbox_xyxy
0,6,r0_c1,130,real_ball,,double_ball_cluster,0.748332824674435,174,"[458,118,472,133]"
1,3,r1_c2,238,real_ball,,shadow_double_ball_cluster,0.760167037602514,149,"[1263,584,1278,597]"
2,1,r2_c1,122,real_ball,,single_ball_background_mixed,0.6133605004288256,202,"[438,778,453,796]"
3,7,r2_c2,33,single_ball_background_mixed,,double_ball_cluster,0.7618833548622206,335,"[948,901,964,932]"
4,5,r2_c2,64,real_ball,,shadow_ball,0.9706328622996807,203,"[1044,936,1060,952]"
5,6,r1_c1,190,real_ball,,double_ball_cluster,0.7401438102824613,140,"[437,671,451,684]"
6,6,r0_c2,60,real_ball,,double_ball_cluster,0.7387627651914954,201,"[1197,314,1213,330]"
7,5,r2_c0,217,interference,,double_ball_cluster,0.7543190203141421,92,"[31,763,44,772]"
8,5,r2_c1,129,real_ball,,double_ball_cluster,0.7519966651452705,174,"[487,837,502,852]"
9,8,r1_c2,0,interference,,real_ball,0.9940245214384049,143890,"[853,342,1280,683]"
10,6,r1_c1,86,real_ball,,double_ball_cluster,0.756847447832115,190,"[607,534,622,549]"
11,5,r1_c2,240,double_ball_cluster,,double_ball_cluster,0.9884516810998321,411,"[1032,445,1061,477]"
12,3,r0_c2,184,real_ball,,shadow_double_ball_cluster,0.7478295336477458,208,"[1031,312,1048,329]"
13,2,r0_c1,164,interference,,single_ball_background_mixed,0.6486702582333237,100,"[532,333,547,342]"
14,5,r0_c0,40,real_ball,,double_ball_cluster,0.7484514329116791,198,"[40,191,55,207]"
15,6,r2_c0,223,interference,,interference,0.40104422997683287,47,"[394,941,401,950]"
16,6,r0_c1,224,interference,,interference,0.49313904077280313,73,"[619,19,630,28]"
17,6,r1_c2,150,real_ball,,shadow_double_ball_cluster,0.6363594462163746,156,"[1246,669,1260,684]"
18,1,r2_c0,343,interference,,double_ball_cluster,0.9908053954131901,86,"[24,860,36,870]"
19,6,r2_c1,213,interference,,double_ball_cluster,0.7465965314768255,64,"[581,817,590,826]"
20,6,r0_c0,267,real_ball,,double_ball_cluster,0.7324838750064373,129,"[270,163,283,175]"
21,3,r2_c0,239,real_ball,,real_ball,0.9554262030869722,163,"[170,715,185,730]"
22,6,r0_c2,21,real_ball,,shadow_double_ball_cluster,0.9104025224223733,183,"[1025,53,1041,67]"
23,1,r0_c2,241,real_ball,,shadow_ball,0.6514402716420591,193,"[872,75,888,92]"
24,4,r2_c0,105,real_ball,,shadow_double_ball_cluster,0.7403092379681766,169,"[18,918,32,933]"
25,3,r1_c2,257,real_ball,,single_ball_background_mixed,0.6388220963999629,172,"[1105,430,1119,445]"
26,6,r1_c1,77,real_ball,,shadow_double_ball_cluster,0.6595398409990594,176,"[507,511,523,526]"
27,1,r1_c2,125,real_ball,,shadow_double_ball_cluster,0.9582786187529564,182,"[868,604,884,619]"
28,3,r1_c0,45,real_ball,,double_ball_cluster,0.7416247279616073,192,"[320,408,335,424]"
29,4,r2_c1,113,real_ball,,shadow_double_ball_cluster,0.7505894389469177,175,"[442,771,456,787]"
30,3,r1_c2,159,real_ball,,interference,0.4627828155644238,205,"[1179,377,1195,393]"
31,1,r1_c0,28,real_ball,,single_ball_background_mixed,0.6202485262183473,175,"[340,526,355,541]"
32,5,r0_c1,194,double_ball_cluster,,double_ball_cluster,0.9878637858200818,394,"[586,237,603,268]"
33,5,r1_c1,251,interference,,interference,0.009270371519960463,182,"[495,348,511,365]"
34,2,r0_c2,56,real_ball,,double_ball_cluster,0.7468808549456298,170,"[1243,14,1257,29]"
35,3,r1_c1,86,real_ball,,double_ball_cluster,0.7618668744107708,160,"[676,440,691,454]"
36,3,r2_c1,42,real_ball,,shadow_double_ball_cluster,0.7345825443044305,169,"[589,746,604,760]"
37,6,r0_c0,111,interference,,double_ball_cluster,0.9901095966342837,101,"[34,205,45,216]"
38,2,r2_c0,256,real_ball,,shadow_double_ball_cluster,0.7577758565312251,153,"[245,916,259,929]"
39,7,r0_c2,0,interference,,real_ball,0.9942831387743354,144668,"[853,0,1280,341]"
40,3,r1_c2,123,real_ball,,double_ball_cluster,0.9278150151949376,168,"[944,627,958,641]"
41,1,r0_c0,62,real_ball,,double_ball_cluster,0.7499815518967807,192,"[398,181,414,196]"
42,7,r0_c0,90,interference,,interference,0.4457010203041136,75,"[152,32,162,42]"
43,6,r0_c1,76,real_ball,,shadow_double_ball_cluster,0.7526057530194521,191,"[602,129,617,144]"
44,4,r0_c2,180,real_ball,,shadow_double_ball_cluster,0.7354415797162801,173,"[899,310,913,324]"
45,2,r1_c1,321,real_ball,,single_ball_background_mixed,0.4486382504692301,172,"[428,429,443,444]"
46,2,r1_c1,374,double_ball_cluster,,double_ball_cluster,0.9355422044172883,393,"[704,482,728,512]"
47,4,r1_c1,32,real_ball,,shadow_double_ball_cluster,0.7519913164433092,180,"[821,465,836,481]"
48,4,r1_c1,113,real_ball,,single_ball_background_mixed,0.28968473977874964,175,"[548,567,563,583]"
49,7,r0_c2,53,interference,,double_ball_cluster,0.9884366790065542,96,"[909,16,920,27]"
50,6,r2_c1,119,real_ball,,shadow_double_ball_cluster,0.766442553140223,182,"[439,744,455,759]"
51,3,r2_c2,91,real_ball,,shadow_ball,0.9697933923453093,190,"[974,931,990,947]"
52,3,r1_c2,297,real_ball,,shadow_double_ball_cluster,0.7395739695057273,135,"[1255,627,1268,640]"
53,4,r0_c2,199,real_ball,,single_ball_background_mixed,0.40427630383055657,167,"[1081,215,1094,231]"
54,7,r0_c2,54,interference,,double_ball_cluster,0.9907888879533857,83,"[884,35,893,46]"
55,8,r2_c1,0,interference,,real_ball,0.9888421050272882,116718,"[427,684,853,960]"
56,6,r1_c2,267,double_ball_cluster,,double_ball_cluster,0.9892998300492764,362,"[1020,600,1036,631]"
57,6,r2_c2,63,real_ball,,shadow_ball,0.9733392000198364,192,"[1052,935,1068,950]"
58,1,r2_c1,389,double_ball_cluster,,double_ball_cluster,0.7327483652625233,290,"[502,751,518,776]"
59,3,r2_c2,315,interference,,shadow_ball,0.9604815680067986,92,"[948,940,959,952]"
60,4,r1_c2,225,double_ball_cluster,,shadow_double_ball_cluster,0.7396198506467044,373,"[1145,443,1167,471]"
61,1,r1_c1,29,real_ball,,shadow_double_ball_cluster,0.7421641204273328,181,"[542,355,557,370]"
62,6,r1_c0,156,real_ball,,shadow_double_ball_cluster,0.7487496295943856,181,"[255,364,270,380]"
63,1,r1_c0,171,shadow_ball,,single_ball_background_mixed,0.34874807787127793,156,"[279,579,293,593]"
64,3,r0_c1,26,real_ball,,shadow_double_ball_cluster,0.7583941635675728,171,"[449,46,464,60]"
65,3,r2_c2,74,shadow_ball,,single_ball_background_mixed,0.20396330603398383,171,"[1182,852,1197,867]"
66,1,r1_c2,218,real_ball,,double_ball_cluster,0.7353986082598567,185,"[1155,348,1170,364]"
67,6,r1_c2,2,real_ball,,single_ball_background_mixed,0.6237909536575899,187,"[1042,635,1057,651]"
68,4,r1_c0,116,real_ball,,single_ball_background_mixed,0.609780779806897,188,"[331,451,347,465]"
69,3,r1_c1,239,interference,,interference,0.4263455185573548,268,"[626,342,656,354]"
70,3,r1_c1,10,real_ball,,single_ball_background_mixed,0.4250725801102817,173,"[558,530,573,545]"
71,2,r2_c2,303,interference,,interference,0.5096804604399949,34,"[883,880,889,887]"
72,1,r1_c2,176,shadow_ball,,shadow_double_ball_cluster,0.7732917291577905,161,"[1114,428,1127,442]"
73,2,r0_c0,70,real_ball,,double_ball_cluster,0.7289260475663468,183,"[57,96,72,112]"
74,4,r0_c1,76,real_ball,,double_ball_cluster,0.8972077120561153,195,"[694,210,710,226]"
75,2,r0_c1,343,shadow_double_ball_cluster,,single_ball_background_mixed,0.1544054306577891,347,"[698,56,728,83]"
76,2,r1_c2,179,real_ball,,double_ball_cluster,0.7613548883236945,169,"[1050,412,1065,427]"
77,3,r2_c2,254,interference,,real_ball,0.991189201362431,107,"[1031,951,1046,960]"
78,2,r0_c1,276,interference,,shadow_double_ball_cluster,0.73663116293028,378,"[818,59,847,77]"
79,3,r1_c0,300,interference,,interference,0.009468838339671493,98,"[346,587,355,602]"
80,6,r2_c2,128,real_ball,,real_ball,0.9746752306818962,156,"[1015,947,1029,960]"
81,2,r2_c2,125,real_ball,,single_ball_background_mixed,0.16575252416078,180,"[1196,830,1211,846]"
82,3,r1_c0,368,double_ball_cluster,,double_ball_cluster,0.7517276108264923,349,"[73,577,91,607]"
83,3,r2_c2,140,real_ball,,real_ball,0.9877760936506093,221,"[961,940,978,957]"
84,7,r2_c2,0,interference,,real_ball,0.9882885047700256,117063,"[853,684,1280,960]"
85,6,r0_c2,79,real_ball,,shadow_double_ball_cluster,0.7635518659371883,195,"[941,60,956,76]"
86,6,r1_c0,59,real_ball,,shadow_double_ball_cluster,0.7349473056383431,182,"[115,656,131,671]"
87,8,r1_c0,32,real_ball,,interference,0.015541124390438199,215,"[316,666,331,683]"
88,2,r2_c2,231,shadow_ball,,double_ball_cluster,0.7455290738726035,155,"[1245,824,1260,837]"
89,4,r2_c2,38,shadow_ball,,shadow_ball,0.9407783057540655,184,"[1048,945,1063,960]"
90,7,r1_c0,92,interference,,interference,0.4937418750487268,55,"[178,674,186,683]"
91,5,r0_c1,108,shadow_ball,,shadow_double_ball_cluster,0.7337384610436857,141,"[680,187,693,200]"
92,5,r0_c1,57,real_ball,,double_ball_cluster,0.7443256102269515,184,"[643,144,658,159]"
93,3,r0_c0,103,real_ball,,single_ball_background_mixed,0.6236584373982623,183,"[358,152,372,168]"
94,3,r0_c2,168,real_ball,,shadow_double_ball_cluster,0.7610487751662731,196,"[866,67,881,83]"
95,5,r0_c1,233,interference,,interference,0.45948748057708144,112,"[823,111,834,124]"
96,6,r0_c0,158,single_ball_background_mixed,,real_ball,0.9871808951720595,283,"[29,185,54,201]"
97,2,r0_c2,358,interference,,interference,0.027013901504687965,105,"[1271,321,1280,337]"
98,6,r2_c1,76,real_ball,,shadow_double_ball_cluster,0.7642183280549943,187,"[786,705,803,720]"
99,5,r1_c1,5,real_ball,,shadow_double_ball_cluster,0.6530518822837621,171,"[601,388,615,403]"
100,1,r1_c1,279,real_ball,,double_ball_cluster,0.7445274838246405,224,"[476,446,491,464]"
101,7,r1_c0,0,interference,,real_ball,0.9945527173113078,144760,"[0,342,427,683]"
102,3,r2_c0,18,real_ball,,shadow_double_ball_cluster,0.9526503384113312,185,"[122,713,137,729]"
103,6,r2_c2,120,real_ball,,single_ball_background_mixed,0.6286101309815422,173,"[1072,837,1086,852]"
104,3,r2_c1,126,interference,,interference,0.01268804183928296,138,"[779,1005,793,1024]"
105,1,r1_c0,25,real_ball,,single_ball_background_mixed,0.6295963613083586,182,"[278,608,293,624]"
106,5,r1_c2,270,interference,,interference,0.4555968545610085,155,"[958,389,971,404]"
10000,3,r2_c1,109,interference,,interference,,127,"[608,1001,624,1019]"
10001,1,r0_c1,286,double_ball_cluster,,double_ball_cluster,,359,"[627,60,644,90]"
10002,2,r2_c0,376,double_ball_cluster,,shadow_double_ball_cluster,,349,"[40,822,58,851]"
10003,1,r2_c1,59,single_ball_background_mixed,,shadow_double_ball_cluster,,362,"[517,758,538,784]"
10004,5,r2_c2,104,interference,,real_ball,,164,"[1166,741,1181,756]"
10005,3,r1_c1,249,double_ball_cluster,,double_ball_cluster,,390,"[765,634,794,653]"
10006,3,r0_c0,234,real_ball,,real_ball,,177,"[235,191,250,206]"
10007,4,r2_c1,261,interference,,interference,,53,"[748,902,754,913]"
10008,2,r2_c1,169,interference,,interference,,127,"[608,1001,624,1019]"
10009,4,r1_c2,326,double_ball_cluster,,single_ball_background_mixed,,395,"[858,480,903,508]"
10010,4,r0_c1,68,real_ball,,real_ball,,178,"[458,241,473,256]"
10011,4,r0_c1,293,single_ball_background_mixed,,single_ball_background_mixed,,424,"[506,106,524,140]"
10012,2,r1_c2,232,shadow_ball,,shadow_ball,,178,"[1185,435,1200,450]"
10013,2,r0_c0,354,interference,,shadow_double_ball_cluster,,282,"[65,11,83,31]"
10014,4,r1_c1,330,interference,,shadow_double_ball_cluster,,273,"[652,567,666,591]"
10015,3,r1_c2,398,double_ball_cluster,,single_ball_background_mixed,,329,"[923,505,947,530]"
10016,8,r1_c1,163,interference,,interference,,36,"[659,377,669,382]"
10017,1,r2_c1,221,double_ball_cluster,,interference,,196,"[727,716,743,744]"
10018,3,r0_c2,186,real_ball,,real_ball,,178,"[1181,145,1196,160]"
10019,5,r2_c1,204,real_ball,,real_ball,,191,"[511,940,526,956]"
10020,5,r1_c2,8,real_ball,,shadow_ball,,178,"[1117,571,1132,586]"
10021,6,r0_c2,124,real_ball,,real_ball,,215,"[1033,114,1049,131]"
10022,2,r2_c1,296,double_ball_cluster,,single_ball_background_mixed,,383,"[515,728,538,757]"
10023,3,r1_c0,337,double_ball_cluster,,double_ball_cluster,,359,"[107,389,127,417]"
10024,4,r1_c0,150,real_ball,,shadow_ball,,211,"[163,659,180,675]"
10025,1,r2_c2,352,single_ball_background_mixed,,shadow_double_ball_cluster,,454,"[877,692,894,727]"
10026,1,r2_c2,314,shadow_double_ball_cluster,,interference,,215,"[1270,826,1280,856]"
10027,1,r1_c1,164,real_ball,,real_ball,,178,"[704,507,719,522]"
10028,6,r1_c1,2,real_ball,,real_ball,,194,"[468,539,485,554]"
10029,5,r1_c0,47,shadow_ball,,real_ball,,178,"[236,385,251,400]"
10030,6,r1_c0,256,interference,,interference,,73,"[138,559,146,570]"
10031,3,r2_c1,274,double_ball_cluster,,double_ball_cluster,,353,"[530,903,553,930]"
10032,4,r1_c2,304,double_ball_cluster,,single_ball_background_mixed,,348,"[1086,605,1108,632]"
10033,4,r2_c2,218,double_ball_cluster,,single_ball_background_mixed,,328,"[1183,825,1198,854]"
10034,5,r2_c0,126,interference,,single_ball_background_mixed,,647,"[361,968,406,987]"
10035,4,r1_c0,351,interference,,interference,,57,"[359,523,367,533]"
10036,6,r2_c0,185,shadow_double_ball_cluster,,double_ball_cluster,,328,"[237,933,254,960]"
10037,4,r2_c0,85,real_ball,,real_ball,,178,"[142,905,158,919]"
10038,4,r2_c2,58,real_ball,,real_ball,,177,"[1036,912,1051,927]"
10039,3,r0_c0,291,double_ball_cluster,,shadow_double_ball_cluster,,344,"[39,132,54,162]"
10040,2,r2_c0,122,real_ball,,shadow_ball,,178,"[385,880,400,895]"
10041,4,r0_c1,334,double_ball_cluster,,shadow_double_ball_cluster,,355,"[635,240,654,281]"
10042,6,r0_c1,210,double_ball_cluster,,single_ball_background_mixed,,361,"[808,82,825,112]"
10043,1,r2_c2,89,real_ball,,shadow_ball,,178,"[883,934,898,949]"
10044,4,r0_c0,222,double_ball_cluster,,single_ball_background_mixed,,425,"[73,293,104,311]"
10045,4,r2_c1,53,real_ball,,shadow_ball,,178,"[499,826,514,841]"
10046,2,r2_c2,240,single_ball_background_mixed,,interference,,185,"[869,876,884,905]"
10047,2,r1_c1,364,interference,,interference,,188,"[462,675,487,684]"
10048,1,r0_c1,292,shadow_ball,,shadow_ball,,128,"[791,96,804,110]"
10049,5,r2_c2,44,interference,,single_ball_background_mixed,,304,"[1238,980,1260,1006]"
10050,3,r0_c2,219,double_ball_cluster,,single_ball_background_mixed,,388,"[1007,161,1026,192]"
10051,2,r2_c0,364,double_ball_cluster,,single_ball_background_mixed,,345,"[182,816,198,845]"
10052,2,r0_c2,162,real_ball,,shadow_ball,,177,"[1010,222,1025,237]"
10053,2,r1_c0,359,double_ball_cluster,,shadow_double_ball_cluster,,358,"[68,623,85,652]"
10054,3,r2_c2,299,double_ball_cluster,,double_ball_cluster,,358,"[860,795,875,824]"
10055,5,r0_c0,117,real_ball,,real_ball,,143,"[90,93,102,107]"
10056,1,r1_c1,11,real_ball,,real_ball,,177,"[499,390,514,405]"
10057,2,r1_c1,94,real_ball,,shadow_ball,,177,"[638,558,653,573]"
10058,3,r0_c1,318,single_ball_background_mixed,,single_ball_background_mixed,,319,"[552,128,581,155]"
10059,1,r1_c0,94,real_ball,,shadow_ball,,178,"[274,544,289,559]"
10060,2,r1_c1,362,double_ball_cluster,,shadow_double_ball_cluster,,337,"[796,372,812,402]"
10061,6,r1_c0,238,interference,,shadow_ball,,227,"[209,577,225,596]"
10062,2,r2_c1,8,real_ball,,shadow_ball,,178,"[502,721,517,736]"
10063,2,r0_c1,363,double_ball_cluster,,shadow_double_ball_cluster,,359,"[578,42,607,63]"
10064,2,r0_c2,374,double_ball_cluster,,shadow_double_ball_cluster,,358,"[1161,41,1177,71]"
10065,5,r2_c2,101,real_ball,,real_ball,,184,"[939,900,954,916]"
10066,6,r0_c0,241,single_ball_background_mixed,,double_ball_cluster,,339,"[148,322,171,342]"
10067,1,r2_c0,303,double_ball_cluster,,double_ball_cluster,,378,"[216,916,235,945]"
10068,2,r0_c1,199,real_ball,,shadow_ball,,177,"[588,13,603,28]"
10069,3,r2_c1,186,interference,,interference,,43,"[427,952,434,960]"
10070,4,r2_c2,193,real_ball,,real_ball,,177,"[1212,772,1227,787]"
10071,1,r1_c2,386,double_ball_cluster,,single_ball_background_mixed,,374,"[912,420,943,455]"
10072,5,r1_c0,216,double_ball_cluster,,shadow_double_ball_cluster,,356,"[170,643,185,672]"
10073,3,r0_c2,240,double_ball_cluster,,double_ball_cluster,,356,"[1018,52,1034,82]"
10074,2,r0_c2,184,real_ball,,shadow_ball,,202,"[1226,1,1243,16]"
10075,8,r0_c2,65,interference,,interference,,74,"[1224,82,1234,92]"
10076,3,r1_c2,312,real_ball,,interference,,193,"[958,486,976,510]"
10077,4,r2_c1,78,interference,,interference,,127,"[608,1001,624,1019]"
10078,1,r1_c1,342,interference,,shadow_double_ball_cluster,,284,"[725,420,743,442]"
10079,4,r2_c0,155,shadow_ball,,shadow_ball,,170,"[47,760,61,775]"
10080,2,r1_c0,350,double_ball_cluster,,single_ball_background_mixed,,359,"[230,614,247,663]"
10081,8,r2_c1,31,interference,,interference,,127,"[608,1001,624,1019]"
10082,2,r0_c1,297,double_ball_cluster,,interference,,209,"[430,145,446,176]"
10083,8,r2_c1,57,double_ball_cluster,,single_ball_background_mixed,,392,"[545,752,572,779]"
10084,5,r1_c2,278,single_ball_background_mixed,,shadow_double_ball_cluster,,360,"[1046,620,1074,638]"
10085,6,r2_c2,139,interference,,single_ball_background_mixed,,313,"[902,1001,932,1019]"
10086,2,r2_c0,334,double_ball_cluster,,shadow_double_ball_cluster,,356,"[237,756,266,775]"
10087,3,r1_c0,28,real_ball,,shadow_ball,,178,"[146,410,161,425]"
10088,2,r1_c2,366,double_ball_cluster,,shadow_double_ball_cluster,,380,"[1129,442,1159,470]"
10089,4,r1_c0,296,double_ball_cluster,,single_ball_background_mixed,,337,"[306,422,321,464]"
10090,4,r0_c2,281,interference,,interference,,57,"[1232,58,1240,68]"
10091,4,r2_c2,89,interference,,single_ball_background_mixed,,304,"[1238,980,1260,1006]"
10092,3,r1_c2,334,interference,,double_ball_cluster,,522,"[1000,441,1027,465]"
10093,6,r1_c2,14,real_ball,,real_ball,,178,"[1035,611,1050,626]"
10094,2,r2_c1,337,double_ball_cluster,,shadow_double_ball_cluster,,356,"[515,856,532,886]"
10095,1,r2_c1,242,single_ball_background_mixed,,shadow_double_ball_cluster,,401,"[534,843,556,870]"
10096,5,r0_c2,166,interference,,shadow_double_ball_cluster,,359,"[903,130,926,152]"
10097,6,r2_c1,67,shadow_ball,,shadow_ball,,184,"[508,738,523,754]"
10098,2,r0_c2,370,real_ball,,shadow_ball,,228,"[953,207,971,224]"
10099,1,r0_c0,160,interference,,shadow_double_ball_cluster,,274,"[254,33,271,54]"
10100,2,r2_c0,361,single_ball_background_mixed,,single_ball_background_mixed,,322,"[371,929,389,957]"
10101,2,r0_c0,409,interference,,shadow_double_ball_cluster,,278,"[318,148,337,169]"
10102,3,r0_c2,255,interference,,interference,,70,"[1132,68,1141,78]"
10103,2,r2_c1,44,shadow_ball,,shadow_ball,,183,"[581,933,598,947]"
10104,6,r0_c2,156,double_ball_cluster,,double_ball_cluster,,399,"[939,128,957,159]"
10105,4,r1_c2,65,real_ball,,real_ball,,178,"[1003,597,1018,612]"
10106,1,r0_c2,439,double_ball_cluster,,shadow_double_ball_cluster,,354,"[1222,200,1237,230]"
10107,1,r2_c1,50,interference,,double_ball_cluster,,390,"[606,910,629,934]"
10108,2,r1_c0,365,double_ball_cluster,,shadow_double_ball_cluster,,363,"[147,626,167,656]"
10109,8,r1_c1,118,interference,,interference,,36,"[680,624,687,631]"
10110,5,r0_c1,307,interference,,interference,,41,"[806,316,815,322]"
10111,8,r0_c0,173,interference,,interference,,68,"[190,79,198,90]"
10112,1,r0_c2,401,interference,,shadow_double_ball_cluster,,283,"[1005,136,1023,156]"
10113,3,r0_c1,369,interference,,interference,,124,"[846,97,853,119]"
10114,2,r1_c2,364,shadow_double_ball_cluster,,single_ball_background_mixed,,330,"[960,521,986,543]"
10115,4,r2_c2,86,shadow_ball,,shadow_ball,,162,"[1100,821,1115,835]"
10116,5,r2_c1,257,interference,,interference,,74,"[627,721,639,729]"
10117,6,r0_c0,30,double_ball_cluster,,double_ball_cluster,,358,"[7,255,24,284]"
10118,3,r0_c1,91,real_ball,,real_ball,,194,"[493,216,509,232]"
10119,3,r2_c1,271,double_ball_cluster,,single_ball_background_mixed,,349,"[432,684,462,711]"
10120,1,r2_c1,272,double_ball_cluster,,interference,,190,"[450,776,466,804]"
10121,5,r2_c2,28,real_ball,,shadow_ball,,178,"[1142,712,1157,727]"
10122,3,r1_c1,340,interference,,single_ball_background_mixed,,315,"[604,580,621,610]"
10123,7,r0_c0,74,interference,,interference,,126,"[0,35,8,58]"
10124,5,r2_c1,194,double_ball_cluster,,single_ball_background_mixed,,374,"[711,794,735,822]"
10125,5,r1_c1,320,double_ball_cluster,,double_ball_cluster,,386,"[766,393,792,419]"
10126,1,r2_c0,338,single_ball_background_mixed,,shadow_double_ball_cluster,,274,"[85,684,111,701]"
10127,5,r1_c2,146,double_ball_cluster,,single_ball_background_mixed,,402,"[933,479,949,510]"
10128,7,r1_c1,22,real_ball,,real_ball,,178,"[541,429,556,444]"
10129,5,r1_c0,267,double_ball_cluster,,single_ball_background_mixed,,388,"[23,564,53,581]"
10130,4,r1_c2,246,double_ball_cluster,,double_ball_cluster,,396,"[886,579,911,607]"
10131,4,r2_c1,163,real_ball,,shadow_ball,,167,"[784,781,799,796]"
10132,6,r1_c0,198,double_ball_cluster,,double_ball_cluster,,355,"[97,352,112,382]"
10133,5,r2_c0,62,real_ball,,real_ball,,178,"[217,787,232,802]"
10134,2,r1_c2,131,shadow_ball,,shadow_ball,,179,"[959,486,974,502]"
10135,5,r0_c1,291,double_ball_cluster,,shadow_double_ball_cluster,,416,"[528,237,544,275]"
10136,2,r0_c1,11,real_ball,,interference,,195,"[769,91,784,121]"
10137,1,r2_c1,241,interference,,shadow_ball,,123,"[442,936,455,948]"
10138,3,r0_c0,91,real_ball,,real_ball,,177,"[10,40,25,55]"
10139,2,r1_c2,347,interference,,single_ball_background_mixed,,317,"[1168,515,1189,539]"
10140,2,r2_c1,290,single_ball_background_mixed,,interference,,198,"[845,805,853,835]"
10141,5,r1_c1,49,real_ball,,real_ball,,178,"[599,515,614,530]"
10142,1,r1_c1,58,real_ball,,real_ball,,180,"[740,507,754,522]"
10143,4,r2_c1,55,real_ball,,real_ball,,185,"[703,806,718,821]"
10144,3,r2_c2,136,real_ball,,real_ball,,126,"[1176,684,1188,696]"
10145,3,r0_c1,74,real_ball,,shadow_ball,,178,"[479,182,494,197]"
10146,1,r2_c1,248,interference,,double_ball_cluster,,357,"[641,1001,670,1019]"
10147,3,r2_c0,34,shadow_ball,,shadow_ball,,178,"[107,709,122,724]"
10148,3,r0_c1,373,double_ball_cluster,,double_ball_cluster,,339,"[465,124,483,153]"
10149,1,r1_c2,210,real_ball,,real_ball,,174,"[1044,647,1059,662]"
10150,6,r0_c0,132,real_ball,,shadow_ball,,178,"[405,286,420,301]"
10151,4,r0_c0,123,real_ball,,real_ball,,177,"[299,6,314,21]"
10152,2,r0_c0,352,single_ball_background_mixed,,interference,,173,"[264,78,278,108]"
10153,1,r1_c2,340,double_ball_cluster,,single_ball_background_mixed,,321,"[1234,509,1259,530]"
10154,5,r0_c0,209,double_ball_cluster,,shadow_double_ball_cluster,,394,"[180,45,199,75]"
10155,5,r0_c1,139,double_ball_cluster,,shadow_double_ball_cluster,,359,"[643,144,660,172]"
10156,8,r1_c1,131,single_ball_background_mixed,,double_ball_cluster,,292,"[696,474,712,502]"
10157,1,r1_c1,401,double_ball_cluster,,shadow_double_ball_cluster,,354,"[658,459,674,488]"
10158,3,r0_c0,373,shadow_double_ball_cluster,,shadow_double_ball_cluster,,352,"[26,126,40,156]"
10159,5,r1_c0,289,interference,,interference,,167,"[0,358,9,384]"
10160,8,r2_c0,66,single_ball_background_mixed,,interference,,157,"[417,746,427,773]"
10161,3,r2_c0,263,single_ball_background_mixed,,shadow_double_ball_cluster,,327,"[123,847,140,872]"
10162,3,r1_c2,416,double_ball_cluster,,shadow_double_ball_cluster,,358,"[1131,548,1149,577]"
10163,5,r0_c1,254,double_ball_cluster,,single_ball_background_mixed,,370,"[681,129,703,181]"
10164,8,r2_c1,134,interference,,interference,,50,"[627,889,635,896]"
10165,1,r0_c0,283,double_ball_cluster,,shadow_double_ball_cluster,,415,"[348,93,367,124]"
10166,4,r1_c0,54,real_ball,,real_ball,,188,"[292,415,307,430]"
10167,8,r1_c0,59,interference,,interference,,76,"[265,558,275,567]"
10168,4,r1_c1,249,single_ball_background_mixed,,single_ball_background_mixed,,326,"[670,623,694,646]"
10169,6,r2_c2,47,interference,,single_ball_background_mixed,,304,"[1238,980,1260,1006]"
10170,2,r1_c2,66,shadow_ball,,shadow_ball,,178,"[976,578,991,593]"
10171,8,r1_c1,73,double_ball_cluster,,single_ball_background_mixed,,403,"[572,622,602,645]"
10172,6,r1_c2,191,interference,,interference,,77,"[939,593,948,603]"
10173,1,r2_c0,139,interference,,double_ball_cluster,,357,"[196,721,219,742]"
10174,4,r1_c2,286,double_ball_cluster,,shadow_double_ball_cluster,,359,"[929,382,957,400]"
10175,6,r2_c2,115,shadow_ball,,real_ball,,154,"[1055,832,1069,846]"
10176,2,r1_c1,154,shadow_ball,,shadow_ball,,168,"[668,585,682,600]"
10177,2,r2_c2,324,shadow_double_ball_cluster,,shadow_double_ball_cluster,,375,"[922,840,952,856]"
10178,1,r0_c0,116,real_ball,,real_ball,,177,"[384,123,399,138]"
10179,6,r1_c1,205,double_ball_cluster,,double_ball_cluster,,411,"[780,369,805,397]"
10180,4,r2_c2,12,real_ball,,real_ball,,178,"[966,800,981,815]"
10181,1,r2_c1,128,real_ball,,real_ball,,177,"[789,749,804,764]"
10182,2,r0_c2,392,shadow_double_ball_cluster,,shadow_double_ball_cluster,,345,"[1181,103,1198,132]"
10183,1,r2_c2,194,interference,,single_ball_background_mixed,,303,"[1238,980,1260,1006]"
10184,4,r1_c1,69,shadow_ball,,shadow_ball,,178,"[433,429,448,444]"
10185,6,r0_c0,167,interference,,shadow_double_ball_cluster,,452,"[109,80,134,103]"
10186,1,r2_c1,187,interference,,interference,,127,"[608,1001,624,1019]"
10187,2,r0_c2,418,shadow_double_ball_cluster,,shadow_double_ball_cluster,,346,"[1229,178,1257,200]"
10188,1,r1_c2,234,shadow_ball,,real_ball,,178,"[978,543,993,558]"
10189,1,r1_c2,334,interference,,shadow_double_ball_cluster,,286,"[1001,639,1021,662]"
10190,3,r0_c2,19,real_ball,,shadow_ball,,182,"[1002,132,1017,147]"
10191,8,r0_c0,186,interference,,interference,,21,"[230,57,237,61]"
10192,6,r0_c1,12,real_ball,,real_ball,,198,"[778,102,793,119]"
10193,2,r0_c1,205,real_ball,,shadow_ball,,178,"[446,27,461,42]"
10194,2,r1_c1,31,real_ball,,shadow_ball,,177,"[544,505,559,520]"
10195,6,r0_c0,223,single_ball_background_mixed,,double_ball_cluster,,275,"[259,217,278,239]"
10196,2,r2_c0,97,real_ball,,shadow_ball,,178,"[349,694,363,709]"
10197,4,r2_c2,220,interference,,interference,,61,"[1134,842,1143,851]"
10198,1,r1_c1,320,shadow_ball,,real_ball,,179,"[746,573,761,589]"
10199,1,r2_c2,72,shadow_ball,,shadow_ball,,178,"[1156,876,1171,891]"
10200,3,r1_c2,347,interference,,shadow_double_ball_cluster,,305,"[937,435,956,457]"
10201,1,r2_c2,243,shadow_ball,,shadow_ball,,177,"[1218,763,1233,778]"
10202,3,r2_c0,278,double_ball_cluster,,shadow_double_ball_cluster,,386,"[401,761,420,792]"
10203,4,r0_c2,82,real_ball,,shadow_ball,,179,"[1246,199,1260,215]"
10204,8,r0_c1,172,interference,,interference,,76,"[748,119,759,128]"
10205,2,r2_c2,298,shadow_double_ball_cluster,,shadow_double_ball_cluster,,358,"[998,794,1028,809]"
10206,3,r0_c0,321,double_ball_cluster,,shadow_double_ball_cluster,,392,"[201,202,217,232]"
10207,4,r0_c0,235,shadow_double_ball_cluster,,interference,,214,"[0,267,10,297]"
10208,3,r1_c2,100,real_ball,,shadow_ball,,178,"[1027,452,1042,467]"
10209,3,r2_c1,96,shadow_ball,,real_ball,,178,"[652,861,667,876]"
10210,2,r1_c1,416,single_ball_background_mixed,,single_ball_background_mixed,,310,"[772,652,794,678]"
10211,1,r0_c0,251,real_ball,,real_ball,,160,"[225,140,239,155]"
10212,4,r2_c2,221,double_ball_cluster,,shadow_double_ball_cluster,,354,"[886,828,916,843]"
10213,7,r2_c2,38,interference,,interference,,34,"[1232,914,1239,920]"
10214,5,r1_c1,216,interference,,interference,,57,"[669,428,679,436]"
10215,4,r1_c2,243,shadow_double_ball_cluster,,double_ball_cluster,,357,"[1095,356,1109,390]"
10216,1,r1_c2,299,double_ball_cluster,,double_ball_cluster,,358,"[1086,461,1116,479]"
10217,3,r1_c1,258,double_ball_cluster,,double_ball_cluster,,388,"[776,622,794,653]"
10218,4,r1_c2,297,double_ball_cluster,,shadow_double_ball_cluster,,365,"[1232,404,1248,434]"
10219,8,r0_c1,74,double_ball_cluster,,double_ball_cluster,,430,"[431,282,462,302]"
10220,4,r2_c2,219,double_ball_cluster,,double_ball_cluster,,358,"[1212,772,1230,801]"
10221,1,r0_c1,239,double_ball_cluster,,double_ball_cluster,,358,"[427,12,455,29]"
10222,5,r0_c1,171,single_ball_background_mixed,,shadow_double_ball_cluster,,355,"[542,60,571,76]"
10223,2,r2_c1,358,shadow_double_ball_cluster,,shadow_double_ball_cluster,,351,"[449,908,468,937]"
10224,6,r1_c0,3,interference,,shadow_double_ball_cluster,,403,"[210,485,233,507]"
10225,2,r2_c2,225,interference,,interference,,65,"[990,794,999,803]"
10226,2,r2_c2,246,interference,,double_ball_cluster,,291,"[1034,871,1055,889]"
10227,4,r2_c0,251,double_ball_cluster,,single_ball_background_mixed,,380,"[145,755,162,786]"
10228,1,r0_c0,231,real_ball,,real_ball,,193,"[172,102,189,118]"
10229,2,r2_c0,325,double_ball_cluster,,shadow_double_ball_cluster,,360,"[121,878,136,909]"
10230,2,r0_c2,79,real_ball,,shadow_ball,,178,"[1212,70,1227,85]"
10231,2,r1_c1,403,shadow_double_ball_cluster,,shadow_double_ball_cluster,,360,"[558,366,573,395]"
10232,8,r1_c0,25,double_ball_cluster,,single_ball_background_mixed,,463,"[68,442,99,467]"
10233,1,r0_c1,24,real_ball,,real_ball,,177,"[767,16,782,31]"
10234,3,r0_c1,235,real_ball,,shadow_ball,,178,"[454,23,469,38]"
10235,3,r1_c1,274,double_ball_cluster,,double_ball_cluster,,358,"[822,611,846,637]"
10236,3,r1_c2,415,double_ball_cluster,,double_ball_cluster,,386,"[1206,429,1226,459]"
10237,2,r0_c0,403,double_ball_cluster,,single_ball_background_mixed,,390,"[382,50,405,79]"
10238,1,r1_c1,410,single_ball_background_mixed,,double_ball_cluster,,356,"[572,650,600,668]"
10239,1,r0_c1,253,shadow_double_ball_cluster,,interference,,208,"[470,172,487,202]"
10240,5,r1_c0,274,single_ball_background_mixed,,double_ball_cluster,,301,"[287,358,302,385]"
10241,6,r1_c1,114,real_ball,,real_ball,,201,"[452,543,468,559]"
10242,3,r2_c0,217,shadow_double_ball_cluster,,interference,,223,"[0,688,9,724]"
10243,2,r2_c1,5,interference,,real_ball,,206,"[733,968,747,986]"
10244,4,r2_c1,119,double_ball_cluster,,double_ball_cluster,,419,"[771,686,788,717]"
10245,2,r0_c2,292,real_ball,,shadow_ball,,175,"[869,216,884,232]"
10246,2,r0_c1,288,shadow_double_ball_cluster,,interference,,195,"[843,122,853,153]"
10247,3,r0_c0,108,real_ball,,shadow_ball,,178,"[37,60,52,75]"
10248,2,r1_c2,331,double_ball_cluster,,shadow_double_ball_cluster,,353,"[1093,548,1113,578]"
10249,4,r1_c2,160,real_ball,,shadow_ball,,199,"[1255,442,1270,459]"
10250,5,r1_c2,179,real_ball,,double_ball_cluster,,281,"[1080,532,1102,551]"
10251,6,r0_c0,180,shadow_double_ball_cluster,,double_ball_cluster,,465,"[264,111,288,141]"
10252,1,r1_c2,140,interference,,shadow_double_ball_cluster,,470,"[1114,399,1137,426]"
10253,1,r1_c1,397,double_ball_cluster,,double_ball_cluster,,375,"[655,539,685,557]"
10254,4,r0_c2,221,interference,,interference,,150,"[853,0,861,23]"
10255,5,r2_c2,99,shadow_double_ball_cluster,,single_ball_background_mixed,,249,"[963,684,990,695]"
10256,8,r2_c0,11,interference,,real_ball,,206,"[361,968,374,986]"
10257,3,r2_c2,259,interference,,single_ball_background_mixed,,313,"[902,1001,932,1019]"
10258,8,r0_c2,1,real_ball,,real_ball,,224,"[985,71,1000,88]"
10259,2,r2_c0,167,shadow_ball,,real_ball,,178,"[81,687,96,702]"
10260,8,r1_c1,133,single_ball_background_mixed,,single_ball_background_mixed,,317,"[734,508,764,525]"
10261,6,r1_c0,179,double_ball_cluster,,double_ball_cluster,,357,"[313,357,329,388]"
10262,3,r2_c0,284,double_ball_cluster,,shadow_double_ball_cluster,,353,"[250,922,270,952]"
10263,5,r0_c0,201,single_ball_background_mixed,,double_ball_cluster,,353,"[3,1,31,18]"
10264,2,r2_c2,127,real_ball,,shadow_ball,,178,"[1230,772,1245,787]"
10265,2,r0_c2,441,double_ball_cluster,,single_ball_background_mixed,,363,"[1085,42,1114,65]"
10266,1,r2_c2,100,real_ball,,shadow_ball,,177,"[1247,797,1262,812]"
10267,8,r1_c1,205,interference,,interference,,20,"[659,621,664,626]"
10268,1,r2_c0,302,double_ball_cluster,,single_ball_background_mixed,,326,"[38,887,62,913]"
10269,1,r1_c1,242,interference,,double_ball_cluster,,389,"[427,371,447,398]"
10270,3,r1_c0,255,double_ball_cluster,,shadow_double_ball_cluster,,329,"[131,554,146,582]"
10271,8,r2_c2,65,interference,,interference,,48,"[1121,866,1129,874]"
10272,2,r2_c0,393,shadow_double_ball_cluster,,shadow_double_ball_cluster,,368,"[57,749,73,779]"
10273,7,r2_c0,55,interference,,interference,,80,"[93,692,104,703]"
10274,5,r2_c2,66,shadow_ball,,shadow_ball,,180,"[1154,918,1169,933]"
10275,4,r1_c0,344,interference,,shadow_ball,,118,"[70,649,82,663]"
10276,2,r0_c2,13,real_ball,,shadow_ball,,177,"[1155,261,1170,276]"
10277,5,r1_c1,274,double_ball_cluster,,double_ball_cluster,,359,"[578,410,606,431]"
10278,2,r2_c2,308,shadow_double_ball_cluster,,shadow_double_ball_cluster,,262,"[1268,794,1280,824]"
10279,2,r2_c0,397,shadow_double_ball_cluster,,shadow_double_ball_cluster,,352,"[101,798,118,828]"
10280,2,r1_c0,78,real_ball,,shadow_ball,,178,"[16,480,31,495]"
10281,5,r1_c2,169,interference,,interference,,140,"[1272,472,1280,494]"
10282,1,r2_c2,369,double_ball_cluster,,double_ball_cluster,,357,"[1164,843,1183,872]"
10283,3,r0_c2,328,double_ball_cluster,,shadow_double_ball_cluster,,339,"[958,43,980,69]"
10284,5,r2_c2,151,double_ball_cluster,,single_ball_background_mixed,,378,"[1234,871,1257,899]"
10285,1,r1_c0,341,interference,,shadow_ball,,139,"[191,505,204,519]"
10286,3,r1_c2,418,double_ball_cluster,,single_ball_background_mixed,,362,"[938,458,954,489]"
10287,1,r0_c0,98,real_ball,,real_ball,,196,"[203,249,218,266]"
10288,6,r1_c2,178,single_ball_background_mixed,,double_ball_cluster,,265,"[1203,569,1224,586]"
10289,1,r0_c1,281,shadow_double_ball_cluster,,single_ball_background_mixed,,368,"[654,145,681,182]"
10290,8,r1_c2,93,interference,,double_ball_cluster,,317,"[1112,629,1132,651]"
10291,7,r1_c1,82,double_ball_cluster,,single_ball_background_mixed,,428,"[605,350,637,368]"
10292,2,r2_c0,284,double_ball_cluster,,shadow_double_ball_cluster,,356,"[275,711,294,740]"
10293,2,r0_c1,69,shadow_double_ball_cluster,,interference,,184,"[625,132,640,161]"
10294,4,r2_c2,208,single_ball_background_mixed,,double_ball_cluster,,262,"[979,751,996,774]"
10295,4,r2_c1,237,interference,,interference,,67,"[538,801,547,811]"
10296,1,r2_c0,26,real_ball,,real_ball,,178,"[104,772,119,787]"
10297,1,r1_c1,398,shadow_double_ball_cluster,,single_ball_background_mixed,,301,"[774,546,801,572]"
10298,2,r0_c2,359,interference,,interference,,899,"[1221,112,1253,158]"
10299,3,r2_c1,269,interference,,shadow_double_ball_cluster,,371,"[820,684,848,701]"
10300,2,r2_c0,277,double_ball_cluster,,shadow_double_ball_cluster,,356,"[357,766,387,781]"
10301,8,r2_c2,22,interference,,single_ball_background_mixed,,304,"[1238,980,1260,1006]"
10302,5,r0_c0,73,real_ball,,real_ball,,178,"[166,156,181,171]"
10303,1,r2_c0,243,double_ball_cluster,,interference,,170,"[85,760,113,774]"
10304,6,r1_c2,296,double_ball_cluster,,single_ball_background_mixed,,366,"[1244,452,1271,475]"
10305,2,r2_c2,128,interference,,single_ball_background_mixed,,303,"[1238,980,1260,1006]"
10306,2,r1_c0,317,double_ball_cluster,,double_ball_cluster,,358,"[196,532,213,561]"
10307,3,r2_c2,270,double_ball_cluster,,single_ball_background_mixed,,376,"[1044,888,1071,913]"
10308,8,r1_c2,103,interference,,real_ball,,124,"[1017,478,1031,491]"
10309,3,r2_c2,324,double_ball_cluster,,double_ball_cluster,,353,"[1066,688,1080,719]"
10310,5,r1_c0,275,double_ball_cluster,,double_ball_cluster,,383,"[156,581,174,611]"
10311,4,r1_c0,360,interference,,interference,,35,"[293,678,301,684]"
10312,1,r1_c2,352,double_ball_cluster,,double_ball_cluster,,355,"[975,632,999,659]"
10313,4,r2_c1,50,shadow_double_ball_cluster,,single_ball_background_mixed,,202,"[685,702,702,739]"
10314,3,r0_c0,314,double_ball_cluster,,shadow_double_ball_cluster,,352,"[30,177,46,207]"
10315,5,r1_c0,26,real_ball,,real_ball,,177,"[315,568,330,583]"
10316,2,r1_c0,386,double_ball_cluster,,shadow_double_ball_cluster,,360,"[20,512,41,541]"
10317,4,r2_c1,250,interference,,double_ball_cluster,,407,"[429,966,468,986]"
10318,4,r0_c0,246,double_ball_cluster,,double_ball_cluster,,393,"[85,313,105,342]"
10319,6,r0_c1,198,double_ball_cluster,,single_ball_background_mixed,,374,"[585,138,602,169]"
10320,5,r2_c0,56,real_ball,,real_ball,,196,"[171,838,187,854]"
10321,1,r2_c1,220,real_ball,,real_ball,,178,"[680,704,695,719]"
10322,1,r2_c1,76,real_ball,,real_ball,,177,"[708,759,723,774]"
10323,2,r2_c1,101,real_ball,,shadow_ball,,178,"[720,888,735,903]"
10324,1,r0_c1,323,shadow_double_ball_cluster,,shadow_double_ball_cluster,,352,"[461,266,490,285]"
10325,1,r0_c1,38,real_ball,,real_ball,,178,"[666,154,681,169]"
10326,4,r0_c2,202,double_ball_cluster,,double_ball_cluster,,357,"[1082,123,1099,153]"
10327,1,r2_c0,330,double_ball_cluster,,double_ball_cluster,,356,"[108,725,135,748]"
10328,2,r0_c2,452,double_ball_cluster,,shadow_double_ball_cluster,,367,"[1064,66,1093,87]"
10329,3,r1_c1,124,real_ball,,real_ball,,177,"[804,424,819,439]"
10330,2,r2_c1,232,interference,,double_ball_cluster,,358,"[641,1001,670,1019]"
10331,2,r0_c2,429,double_ball_cluster,,shadow_double_ball_cluster,,359,"[1211,177,1226,206]"
10332,2,r0_c1,335,interference,,shadow_double_ball_cluster,,280,"[569,155,586,179]"
10333,6,r1_c1,168,real_ball,,real_ball,,231,"[790,460,805,479]"
10334,4,r2_c0,120,real_ball,,real_ball,,177,"[389,915,404,930]"
10335,2,r1_c0,307,double_ball_cluster,,single_ball_background_mixed,,382,"[41,379,62,408]"
10336,2,r1_c0,26,real_ball,,shadow_ball,,172,"[345,670,360,684]"
10337,3,r1_c0,318,double_ball_cluster,,single_ball_background_mixed,,342,"[266,632,282,661]"
10338,4,r2_c0,236,interference,,shadow_ball,,150,"[233,914,245,929]"
10339,2,r0_c2,334,real_ball,,shadow_ball,,153,"[1181,103,1195,117]"
10340,5,r0_c2,218,interference,,interference,,63,"[984,85,994,94]"
10341,4,r2_c0,245,shadow_double_ball_cluster,,interference,,197,"[229,869,253,892]"
10342,4,r2_c0,264,shadow_double_ball_cluster,,shadow_double_ball_cluster,,356,"[410,932,427,960]"
10343,1,r1_c1,446,interference,,shadow_double_ball_cluster,,331,"[794,342,813,366]"
10344,2,r1_c1,264,real_ball,,shadow_ball,,171,"[554,350,567,365]"
10345,2,r1_c1,27,real_ball,,shadow_ball,,182,"[628,395,644,410]"
10346,7,r0_c2,20,single_ball_background_mixed,,interference,,217,"[1269,16,1280,46]"
10347,2,r1_c0,252,real_ball,,shadow_ball,,178,"[258,617,273,632]"
10348,1,r1_c0,45,real_ball,,shadow_ball,,178,"[130,456,145,471]"
10349,4,r1_c1,223,double_ball_cluster,,double_ball_cluster,,397,"[665,556,682,588]"
10350,6,r1_c0,252,double_ball_cluster,,double_ball_cluster,,358,"[350,615,368,645]"
10351,3,r0_c0,251,double_ball_cluster,,single_ball_background_mixed,,392,"[17,239,34,270]"
10352,1,r1_c0,149,real_ball,,real_ball,,177,"[53,409,68,424]"
10353,2,r1_c0,339,shadow_double_ball_cluster,,double_ball_cluster,,399,"[362,344,389,370]"
10354,6,r0_c0,98,real_ball,,real_ball,,178,"[152,13,167,28]"
10355,4,r0_c1,260,real_ball,,real_ball,,174,"[785,0,799,14]"
10356,1,r2_c2,326,shadow_double_ball_cluster,,interference,,184,"[1086,951,1113,960]"
10357,3,r0_c0,221,shadow_double_ball_cluster,,interference,,201,"[197,169,215,201]"
10358,1,r1_c0,316,double_ball_cluster,,double_ball_cluster,,356,"[293,578,323,596]"
10359,4,r1_c0,336,double_ball_cluster,,single_ball_background_mixed,,370,"[185,591,205,621]"
10360,6,r1_c2,238,shadow_ball,,interference,,69,"[853,361,859,375]"
10361,3,r1_c0,355,double_ball_cluster,,double_ball_cluster,,356,"[25,626,43,657]"
10362,2,r2_c0,367,double_ball_cluster,,shadow_double_ball_cluster,,354,"[217,806,232,835]"
10363,2,r1_c0,83,real_ball,,shadow_ball,,177,"[280,591,295,606]"
10364,2,r1_c0,0,real_ball,,shadow_ball,,163,"[117,486,130,501]"
10365,3,r0_c1,312,interference,,interference,,56,"[727,25,736,33]"
10366,6,r1_c0,187,real_ball,,real_ball,,178,"[83,361,98,376]"
10367,5,r1_c0,94,real_ball,,real_ball,,177,"[213,386,228,401]"
10368,1,r0_c1,4,real_ball,,real_ball,,177,"[488,216,503,231]"
10369,2,r0_c0,421,double_ball_cluster,,shadow_double_ball_cluster,,352,"[50,2,65,31]"
10370,5,r1_c1,43,real_ball,,real_ball,,177,"[789,505,804,520]"
10371,6,r1_c1,109,real_ball,,double_ball_cluster,,264,"[820,435,838,453]"
10372,2,r1_c1,183,real_ball,,shadow_ball,,178,"[732,560,747,575]"
10373,3,r2_c2,264,shadow_double_ball_cluster,,interference,,230,"[1269,862,1280,893]"
10374,1,r0_c2,419,double_ball_cluster,,double_ball_cluster,,373,"[1150,281,1177,303]"
10375,3,r2_c0,39,real_ball,,shadow_ball,,167,"[92,708,106,723]"
10376,2,r0_c0,139,real_ball,,shadow_ball,,196,"[337,286,353,302]"
10377,4,r0_c2,242,double_ball_cluster,,double_ball_cluster,,380,"[1142,8,1160,39]"
10378,5,r0_c2,231,interference,,interference,,49,"[1111,248,1119,256]"
10379,4,r2_c1,160,interference,,shadow_ball,,118,"[619,804,631,816]"
10380,5,r1_c1,304,interference,,interference,,226,"[843,595,853,625]"
10381,4,r0_c1,354,interference,,interference,,60,"[630,108,640,116]"
10382,4,r2_c0,298,double_ball_cluster,,shadow_double_ball_cluster,,353,"[395,928,411,958]"
10383,3,r2_c2,115,interference,,single_ball_background_mixed,,304,"[1238,980,1260,1006]"
10384,4,r1_c1,234,double_ball_cluster,,double_ball_cluster,,354,"[540,583,562,611]"
10385,3,r0_c1,343,interference,,shadow_ball,,201,"[430,0,448,15]"
10386,5,r2_c0,36,real_ball,,real_ball,,153,"[71,687,84,701]"
10387,1,r0_c0,302,shadow_double_ball_cluster,,shadow_double_ball_cluster,,271,"[216,32,231,58]"
10388,2,r1_c1,110,shadow_ball,,shadow_ball,,177,"[769,458,784,473]"
10389,5,r2_c2,38,real_ball,,real_ball,,178,"[1171,755,1186,770]"
10390,2,r0_c2,276,real_ball,,shadow_ball,,166,"[1137,176,1151,191]"
10391,4,r2_c0,154,shadow_double_ball_cluster,,interference,,199,"[32,939,61,955]"
10392,1,r2_c2,320,shadow_double_ball_cluster,,interference,,187,"[1033,863,1049,893]"
10393,2,r2_c0,392,double_ball_cluster,,shadow_double_ball_cluster,,356,"[112,787,131,818]"
10394,2,r0_c0,66,interference,,interference,,78,"[0,125,6,140]"
10395,4,r2_c0,68,real_ball,,real_ball,,173,"[186,821,201,836]"
10396,3,r0_c0,249,shadow_double_ball_cluster,,interference,,192,"[240,237,269,252]"
10397,2,r2_c1,345,interference,,interference,,73,"[693,780,702,791]"
10398,2,r2_c2,250,interference,,single_ball_background_mixed,,313,"[902,1001,932,1019]"
10399,2,r2_c2,288,double_ball_cluster,,shadow_double_ball_cluster,,356,"[1008,744,1032,770]"
10400,3,r1_c2,423,shadow_double_ball_cluster,,single_ball_background_mixed,,323,"[853,496,875,526]"
10401,3,r0_c0,313,double_ball_cluster,,single_ball_background_mixed,,319,"[389,0,413,22]"
10402,5,r1_c2,247,interference,,shadow_ball,,185,"[868,473,884,489]"
10403,7,r2_c1,26,real_ball,,real_ball,,214,"[752,816,768,832]"
10404,2,r2_c1,330,double_ball_cluster,,shadow_double_ball_cluster,,359,"[437,790,464,813]"
10405,3,r2_c0,203,double_ball_cluster,,double_ball_cluster,,353,"[105,827,121,857]"
10406,2,r0_c1,94,real_ball,,shadow_ball,,178,"[599,217,614,232]"
10407,3,r0_c0,80,real_ball,,real_ball,,178,"[240,237,255,252]"
10408,5,r0_c0,20,single_ball_background_mixed,,double_ball_cluster,,374,"[27,8,51,32]"
10409,5,r1_c2,298,double_ball_cluster,,single_ball_background_mixed,,311,"[866,407,883,450]"
10410,1,r0_c1,371,interference,,interference,,149,"[488,0,513,8]"
10411,3,r2_c1,296,interference,,interference,,122,"[654,953,675,960]"
10412,2,r0_c2,409,double_ball_cluster,,shadow_double_ball_cluster,,353,"[1157,13,1178,40]"
10413,5,r1_c2,313,interference,,interference,,187,"[1067,374,1076,400]"
10414,3,r1_c2,446,shadow_double_ball_cluster,,single_ball_background_mixed,,364,"[868,397,891,440]"
10415,4,r0_c2,18,real_ball,,shadow_ball,,180,"[944,162,959,177]"
10416,6,r2_c1,75,real_ball,,real_ball,,178,"[532,807,547,822]"
10417,1,r1_c0,396,double_ball_cluster,,shadow_double_ball_cluster,,324,"[274,531,289,559]"
10418,1,r1_c1,460,single_ball_background_mixed,,single_ball_background_mixed,,315,"[510,506,531,531]"
10419,6,r2_c1,110,interference,,double_ball_cluster,,356,"[641,1001,670,1019]"
10420,1,r1_c0,385,shadow_double_ball_cluster,,single_ball_background_mixed,,357,"[358,573,375,623]"
10421,3,r0_c2,192,interference,,double_ball_cluster,,370,"[873,129,896,150]"
10422,4,r1_c1,284,double_ball_cluster,,single_ball_background_mixed,,394,"[672,352,703,370]"
10423,4,r2_c0,295,shadow_double_ball_cluster,,shadow_double_ball_cluster,,408,"[234,715,258,744]"
10424,3,r0_c2,261,double_ball_cluster,,shadow_double_ball_cluster,,352,"[1011,15,1030,44]"
10425,4,r0_c1,351,double_ball_cluster,,double_ball_cluster,,353,"[822,206,837,236]"
10426,5,r0_c2,233,single_ball_background_mixed,,single_ball_background_mixed,,334,"[1037,219,1061,244]"
10427,7,r0_c0,40,double_ball_cluster,,double_ball_cluster,,339,"[326,2,351,25]"
10428,3,r2_c2,326,double_ball_cluster,,single_ball_background_mixed,,322,"[1056,800,1083,819]"
10429,4,r0_c0,83,real_ball,,real_ball,,199,"[108,13,123,29]"
10430,2,r1_c0,165,shadow_double_ball_cluster,,interference,,204,"[86,494,102,523]"
10431,3,r2_c2,125,real_ball,,real_ball,,171,"[1097,772,1112,787]"
10432,4,r1_c2,245,double_ball_cluster,,double_ball_cluster,,394,"[1118,481,1137,512]"
10433,5,r2_c1,154,double_ball_cluster,,double_ball_cluster,,357,"[487,783,503,813]"
10434,4,r1_c0,326,double_ball_cluster,,double_ball_cluster,,355,"[299,640,315,671]"
10435,5,r1_c2,112,real_ball,,real_ball,,191,"[1140,489,1156,504]"
10436,6,r2_c0,114,real_ball,,real_ball,,169,"[227,924,242,940]"
10437,1,r0_c0,236,shadow_double_ball_cluster,,interference,,235,"[0,116,9,146]"
10438,1,r0_c1,31,real_ball,,shadow_ball,,177,"[801,280,816,295]"
10439,5,r1_c2,189,double_ball_cluster,,double_ball_cluster,,354,"[909,527,925,557]"
10440,4,r0_c0,238,double_ball_cluster,,single_ball_background_mixed,,392,"[59,238,76,270]"
10441,4,r0_c2,203,shadow_double_ball_cluster,,interference,,198,"[1252,214,1269,241]"
10442,2,r0_c0,240,real_ball,,shadow_ball,,178,"[268,168,283,183]"
10443,1,r2_c1,127,interference,,single_ball_background_mixed,,322,"[522,687,544,710]"
10444,2,r1_c2,397,interference,,interference,,60,"[936,367,945,377]"
10445,1,r0_c1,326,double_ball_cluster,,shadow_double_ball_cluster,,447,"[606,322,636,341]"
10446,2,r0_c0,339,double_ball_cluster,,single_ball_background_mixed,,309,"[55,279,70,308]"
10447,4,r1_c0,143,real_ball,,shadow_ball,,178,"[333,667,348,682]"
10448,1,r1_c2,40,real_ball,,real_ball,,177,"[1001,566,1016,581]"
10449,2,r1_c1,11,real_ball,,shadow_ball,,178,"[671,526,686,541]"
10450,6,r2_c0,9,real_ball,,real_ball,,176,"[208,801,223,816]"
10451,2,r0_c1,154,real_ball,,shadow_ball,,182,"[428,91,444,106]"
10452,5,r0_c1,142,real_ball,,real_ball,,188,"[809,102,824,118]"
10453,1,r1_c1,431,double_ball_cluster,,double_ball_cluster,,354,"[430,536,445,567]"
10454,2,r0_c2,414,double_ball_cluster,,shadow_double_ball_cluster,,353,"[1126,44,1144,74]"
10455,6,r0_c2,189,real_ball,,real_ball,,201,"[1012,70,1028,87]"
10456,1,r0_c2,369,double_ball_cluster,,double_ball_cluster,,358,"[1235,194,1251,224]"
10457,5,r0_c2,150,interference,,interference,,63,"[973,126,982,136]"
10458,6,r0_c0,166,double_ball_cluster,,shadow_double_ball_cluster,,356,"[92,61,108,89]"
10459,1,r0_c0,113,real_ball,,real_ball,,178,"[329,289,344,304]"
10460,1,r1_c1,449,double_ball_cluster,,double_ball_cluster,,377,"[608,387,632,413]"
10461,2,r0_c2,404,interference,,interference,,184,"[1165,330,1236,342]"
10462,5,r2_c1,270,interference,,interference,,54,"[658,898,667,906]"
10463,1,r0_c1,394,double_ball_cluster,,single_ball_background_mixed,,316,"[832,257,851,284]"
10464,2,r1_c2,328,double_ball_cluster,,shadow_double_ball_cluster,,357,"[929,566,951,594]"
10465,2,r1_c0,222,real_ball,,shadow_ball,,177,"[393,434,408,449]"
10466,3,r1_c2,413,double_ball_cluster,,single_ball_background_mixed,,323,"[933,377,948,406]"
10467,3,r2_c0,228,double_ball_cluster,,single_ball_background_mixed,,355,"[189,821,218,851]"
10468,1,r1_c2,356,double_ball_cluster,,single_ball_background_mixed,,343,"[1206,493,1228,520]"
10469,2,r1_c0,333,double_ball_cluster,,shadow_double_ball_cluster,,365,"[375,519,405,536]"
10470,2,r2_c0,389,double_ball_cluster,,single_ball_background_mixed,,364,"[392,748,408,777]"
10471,3,r0_c0,82,real_ball,,real_ball,,201,"[216,292,232,309]"
10472,1,r0_c0,268,interference,,shadow_double_ball_cluster,,454,"[341,243,373,264]"
10473,3,r1_c0,290,real_ball,,real_ball,,184,"[175,621,191,637]"
10474,2,r1_c2,345,double_ball_cluster,,shadow_double_ball_cluster,,360,"[1065,572,1097,593]"
10475,7,r1_c0,13,interference,,interference,,145,"[0,379,7,401]"
10476,1,r1_c0,374,shadow_double_ball_cluster,,double_ball_cluster,,326,"[191,342,209,368]"
10477,3,r0_c1,336,shadow_double_ball_cluster,,double_ball_cluster,,350,"[480,211,495,240]"
10478,8,r0_c0,17,real_ball,,real_ball,,191,"[87,14,102,30]"
10479,6,r2_c1,44,real_ball,,real_ball,,178,"[803,873,818,888]"
10480,6,r1_c0,29,real_ball,,real_ball,,229,"[375,427,392,445]"
10481,6,r1_c2,117,double_ball_cluster,,double_ball_cluster,,399,"[1078,438,1097,467]"
10482,7,r2_c1,21,interference,,interference,,127,"[608,1001,624,1019]"
10483,1,r1_c1,64,shadow_ball,,shadow_ball,,178,"[539,397,554,412]"
10484,8,r1_c1,86,interference,,interference,,80,"[846,610,853,627]"
10485,5,r2_c2,233,shadow_double_ball_cluster,,double_ball_cluster,,355,"[1225,827,1252,850]"
10486,5,r1_c2,271,shadow_double_ball_cluster,,single_ball_background_mixed,,328,"[970,446,994,470]"
10487,1,r0_c1,348,double_ball_cluster,,shadow_double_ball_cluster,,356,"[486,291,511,315]"
10488,1,r2_c1,207,real_ball,,real_ball,,177,"[718,927,733,942]"
10489,1,r2_c1,147,real_ball,,real_ball,,161,"[796,892,811,905]"
10490,3,r2_c2,306,double_ball_cluster,,double_ball_cluster,,375,"[1091,753,1120,775]"
10491,2,r2_c1,346,double_ball_cluster,,single_ball_background_mixed,,377,"[487,745,518,762]"
10492,6,r0_c1,245,double_ball_cluster,,single_ball_background_mixed,,385,"[768,36,784,68]"
10493,2,r1_c0,91,real_ball,,shadow_ball,,177,"[105,638,120,653]"
10494,2,r1_c1,408,double_ball_cluster,,single_ball_background_mixed,,349,"[835,344,851,373]"
10495,3,r1_c2,83,real_ball,,real_ball,,180,"[922,343,937,358]"
10496,2,r2_c1,361,shadow_double_ball_cluster,,single_ball_background_mixed,,329,"[820,854,841,881]"
10497,2,r0_c2,349,real_ball,,shadow_ball,,157,"[1112,43,1126,57]"
10498,8,r0_c1,77,shadow_double_ball_cluster,,single_ball_background_mixed,,554,"[449,294,484,319]"
10499,2,r1_c1,314,double_ball_cluster,,shadow_double_ball_cluster,,385,"[500,407,516,440]"
10500,7,r2_c2,12,real_ball,,real_ball,,205,"[872,851,888,867]"
10501,1,r2_c2,317,interference,,single_ball_background_mixed,,313,"[902,1001,932,1019]"
10502,4,r0_c0,226,double_ball_cluster,,double_ball_cluster,,353,"[24,10,42,41]"
10503,6,r0_c2,295,double_ball_cluster,,double_ball_cluster,,419,"[1137,205,1156,237]"
10504,4,r1_c0,353,double_ball_cluster,,single_ball_background_mixed,,366,"[295,590,323,612]"
10505,2,r2_c1,340,double_ball_cluster,,shadow_double_ball_cluster,,352,"[796,684,814,712]"
10506,6,r1_c1,325,interference,,interference,,73,"[816,652,825,663]"
10507,1,r2_c1,166,shadow_ball,,shadow_ball,,177,"[701,886,716,901]"
10508,5,r2_c1,264,interference,,interference,,77,"[427,829,436,840]"
10509,3,r1_c0,43,real_ball,,real_ball,,177,"[97,478,112,493]"
10510,7,r2_c1,42,interference,,double_ball_cluster,,356,"[641,1001,670,1019]"
10511,4,r2_c0,193,real_ball,,shadow_ball,,170,"[27,761,43,775]"
10512,3,r2_c1,282,double_ball_cluster,,single_ball_background_mixed,,416,"[720,821,746,852]"
10513,8,r1_c1,59,double_ball_cluster,,single_ball_background_mixed,,413,"[601,652,622,683]"
10514,4,r0_c1,257,interference,,shadow_ball,,118,"[685,165,698,177]"
10515,6,r2_c2,23,real_ball,,real_ball,,178,"[1259,747,1274,762]"
10516,2,r0_c1,112,real_ball,,shadow_ball,,177,"[808,178,823,193]"
10517,3,r0_c1,376,double_ball_cluster,,double_ball_cluster,,395,"[691,255,712,286]"
10518,5,r2_c1,256,interference,,interference,,55,"[799,800,807,809]"
10519,6,r2_c2,227,shadow_double_ball_cluster,,double_ball_cluster,,373,"[1193,684,1210,714]"
10520,2,r1_c2,225,real_ball,,shadow_ball,,188,"[1117,551,1133,567]"
10521,2,r2_c2,314,shadow_double_ball_cluster,,single_ball_background_mixed,,327,"[853,763,878,792]"
10522,5,r2_c1,7,real_ball,,shadow_ball,,178,"[470,924,485,939]"
10523,7,r2_c0,17,interference,,real_ball,,170,"[391,972,405,986]"
10524,5,r2_c1,128,interference,,interference,,127,"[608,1001,624,1019]"
10525,1,r2_c0,47,real_ball,,shadow_ball,,178,"[43,788,58,803]"
10526,3,r0_c1,147,real_ball,,shadow_ball,,174,"[440,147,454,163]"
10527,6,r0_c1,164,double_ball_cluster,,double_ball_cluster,,357,"[427,203,443,232]"
10528,5,r2_c2,152,interference,,single_ball_background_mixed,,314,"[902,1001,932,1019]"
10529,2,r2_c1,333,double_ball_cluster,,shadow_double_ball_cluster,,379,"[631,843,649,872]"
10530,8,r1_c1,92,interference,,interference,,59,"[747,605,755,615]"
10531,5,r0_c0,260,interference,,shadow_ball,,170,"[346,210,362,224]"
10532,3,r2_c0,156,real_ball,,real_ball,,174,"[74,688,89,703]"
10533,2,r1_c1,151,real_ball,,shadow_ball,,178,"[641,383,656,398]"
10534,4,r0_c2,150,shadow_double_ball_cluster,,interference,,222,"[954,332,983,342]"
10535,4,r2_c2,212,interference,,single_ball_background_mixed,,313,"[902,1001,932,1019]"
10536,5,r0_c1,234,double_ball_cluster,,double_ball_cluster,,356,"[511,50,538,72]"
10537,4,r1_c0,31,real_ball,,shadow_ball,,173,"[407,482,422,497]"
10538,6,r1_c1,90,real_ball,,real_ball,,178,"[510,344,525,359]"
10539,3,r1_c2,150,real_ball,,shadow_ball,,178,"[1131,562,1146,577]"
10540,3,r2_c1,74,real_ball,,shadow_ball,,178,"[684,735,699,750]"
10541,3,r2_c1,270,single_ball_background_mixed,,double_ball_cluster,,312,"[541,769,561,795]"
10542,2,r1_c1,390,interference,,interference,,208,"[461,675,522,684]"
10543,2,r0_c1,161,real_ball,,shadow_ball,,178,"[726,179,741,194]"
10544,3,r1_c2,331,interference,,interference,,71,"[1214,504,1223,514]"
10545,2,r2_c2,265,interference,,interference,,66,"[1018,954,1031,960]"
10546,6,r0_c0,158,single_ball_background_mixed,,shadow_double_ball_cluster,,283,"[29,185,54,201]"
10547,1,r2_c2,117,real_ball,,real_ball,,184,"[911,842,926,858]"
10548,7,r0_c1,0,interference,,interference,,144380,"[427,0,853,341]"
10549,7,r1_c1,77,interference,,interference,,78,"[537,467,547,476]"
10550,2,r0_c1,333,double_ball_cluster,,single_ball_background_mixed,,332,"[551,36,577,58]"
10551,3,r1_c1,243,double_ball_cluster,,single_ball_background_mixed,,380,"[484,549,502,580]"
10552,3,r1_c2,378,double_ball_cluster,,double_ball_cluster,,358,"[1008,362,1024,392]"
10553,2,r1_c2,74,real_ball,,shadow_ball,,169,"[1098,563,1113,578]"
10554,5,r2_c1,269,double_ball_cluster,,shadow_double_ball_cluster,,355,"[789,933,810,960]"
10555,1,r0_c2,235,real_ball,,real_ball,,185,"[1167,318,1181,334]"
10556,6,r0_c2,199,double_ball_cluster,,single_ball_background_mixed,,320,"[962,77,987,99]"
10557,4,r0_c1,262,real_ball,,real_ball,,178,"[646,105,661,120]"
10558,4,r0_c1,238,interference,,shadow_double_ball_cluster,,420,"[496,187,520,211]"
10559,3,r1_c2,141,real_ball,,real_ball,,178,"[967,370,982,385]"
10560,4,r0_c1,32,real_ball,,real_ball,,178,"[643,304,658,319]"
10561,2,r2_c2,313,shadow_double_ball_cluster,,single_ball_background_mixed,,317,"[1217,940,1243,960]"
10562,3,r1_c2,444,double_ball_cluster,,double_ball_cluster,,357,"[1149,537,1168,565]"
10563,2,r1_c1,99,real_ball,,shadow_ball,,178,"[808,400,823,415]"
10564,5,r0_c0,13,real_ball,,real_ball,,177,"[102,87,117,102]"
10565,4,r1_c1,51,real_ball,,real_ball,,163,"[767,561,782,576]"
10566,2,r0_c2,347,shadow_double_ball_cluster,,interference,,187,"[1270,279,1280,308]"
10567,4,r0_c0,271,shadow_double_ball_cluster,,double_ball_cluster,,369,"[410,29,427,70]"
10568,1,r0_c0,308,double_ball_cluster,,double_ball_cluster,,358,"[50,203,66,232]"
10569,5,r2_c1,280,interference,,interference,,66,"[605,912,615,920]"
10570,2,r1_c0,357,double_ball_cluster,,shadow_double_ball_cluster,,357,"[334,411,352,442]"
10571,2,r1_c0,93,real_ball,,shadow_ball,,176,"[134,642,148,658]"
10572,1,r2_c1,373,double_ball_cluster,,shadow_double_ball_cluster,,347,"[514,887,531,917]"
10573,5,r1_c0,224,double_ball_cluster,,double_ball_cluster,,373,"[34,587,63,605]"
10574,6,r1_c1,249,interference,,interference,,152,"[427,653,435,676]"
10575,6,r2_c1,57,interference,,interference,,127,"[608,1001,624,1019]"
10576,5,r2_c2,142,shadow_double_ball_cluster,,shadow_double_ball_cluster,,356,"[879,732,906,749]"
10577,4,r1_c0,50,real_ball,,shadow_ball,,176,"[197,533,213,547]"
10578,4,r2_c0,41,real_ball,,shadow_ball,,199,"[194,859,210,874]"
10579,1,r1_c1,440,double_ball_cluster,,double_ball_cluster,,357,"[666,591,683,621]"
10580,1,r1_c0,306,interference,,interference,,63,"[112,594,122,602]"
10581,2,r0_c1,342,interference,,interference,,76,"[553,256,562,267]"
10582,1,r1_c2,265,shadow_ball,,shadow_ball,,178,"[918,665,933,680]"
10583,4,r1_c2,237,real_ball,,real_ball,,178,"[929,500,944,515]"
10584,3,r0_c1,311,double_ball_cluster,,single_ball_background_mixed,,340,"[732,227,761,255]"
10585,2,r2_c2,299,shadow_double_ball_cluster,,shadow_double_ball_cluster,,358,"[942,906,971,921]"
10586,3,r2_c0,249,shadow_double_ball_cluster,,single_ball_background_mixed,,362,"[189,803,212,851]"
10587,6,r0_c1,8,double_ball_cluster,,single_ball_background_mixed,,493,"[732,133,753,167]"
10588,5,r0_c0,231,double_ball_cluster,,double_ball_cluster,,357,"[286,115,314,136]"
10589,3,r2_c1,289,double_ball_cluster,,shadow_double_ball_cluster,,355,"[427,843,444,873]"
10590,7,r2_c0,14,interference,,double_ball_cluster,,457,"[283,968,313,986]"
10591,4,r1_c1,347,interference,,interference,,66,"[505,612,515,621]"
10592,5,r0_c1,162,single_ball_background_mixed,,double_ball_cluster,,310,"[543,39,565,60]"
10593,1,r2_c1,247,shadow_ball,,shadow_ball,,142,"[444,840,457,854]"
10594,3,r0_c0,195,interference,,shadow_double_ball_cluster,,465,"[248,216,273,240]"
10595,7,r0_c1,34,single_ball_background_mixed,,interference,,233,"[842,48,853,77]"
10596,6,r1_c1,261,interference,,shadow_ball,,143,"[801,593,815,607]"
10597,4,r1_c1,172,interference,,shadow_double_ball_cluster,,360,"[645,567,666,592]"
10598,4,r1_c1,320,shadow_double_ball_cluster,,single_ball_background_mixed,,311,"[743,600,774,627]"
10599,4,r2_c1,136,double_ball_cluster,,double_ball_cluster,,355,"[548,813,569,840]"
10600,8,r0_c2,106,interference,,interference,,43,"[935,174,944,181]"
10601,3,r1_c0,158,real_ball,,real_ball,,177,"[202,453,217,468]"
10602,1,r1_c0,76,real_ball,,shadow_ball,,177,"[237,499,252,514]"
10603,2,r0_c0,417,double_ball_cluster,,shadow_double_ball_cluster,,360,"[5,53,23,82]"
10604,1,r2_c1,167,real_ball,,shadow_ball,,160,"[691,745,706,759]"
10605,2,r1_c2,91,real_ball,,shadow_ball,,150,"[1055,631,1069,645]"
10606,1,r0_c1,388,shadow_double_ball_cluster,,single_ball_background_mixed,,293,"[566,223,591,248]"
10607,3,r2_c2,3,interference,,interference,,1300,"[970,970,1070,983]"
10608,4,r0_c1,210,double_ball_cluster,,double_ball_cluster,,405,"[543,177,561,208]"
10609,6,r1_c2,290,double_ball_cluster,,single_ball_background_mixed,,356,"[865,352,895,382]"
10610,1,r1_c1,205,real_ball,,real_ball,,178,"[427,642,442,657]"
10611,4,r2_c0,208,double_ball_cluster,,double_ball_cluster,,388,"[89,731,118,753]"
10612,6,r1_c0,33,interference,,double_ball_cluster,,353,"[292,601,315,622]"
10613,2,r0_c0,405,double_ball_cluster,,single_ball_background_mixed,,342,"[61,190,76,220]"
10614,2,r1_c0,37,real_ball,,shadow_ball,,177,"[262,632,277,647]"
10615,3,r1_c0,371,double_ball_cluster,,shadow_double_ball_cluster,,366,"[398,502,427,518]"
10616,2,r2_c0,132,shadow_double_ball_cluster,,shadow_double_ball_cluster,,328,"[58,934,74,960]"
10617,5,r0_c0,80,shadow_ball,,shadow_ball,,179,"[75,187,90,202]"
10618,2,r1_c2,332,double_ball_cluster,,shadow_double_ball_cluster,,373,"[1245,596,1261,626]"
10619,5,r2_c1,226,double_ball_cluster,,single_ball_background_mixed,,326,"[653,936,677,960]"
10620,2,r2_c2,275,interference,,shadow_double_ball_cluster,,360,"[1059,797,1083,820]"
10621,2,r0_c1,343,double_ball_cluster,,single_ball_background_mixed,,347,"[698,56,728,83]"
10622,3,r2_c1,181,interference,,double_ball_cluster,,355,"[641,1001,670,1019]"
10623,5,r2_c1,237,double_ball_cluster,,single_ball_background_mixed,,319,"[472,891,497,920]"
10624,3,r0_c1,341,interference,,shadow_double_ball_cluster,,305,"[836,128,853,153]"
10625,6,r0_c1,186,double_ball_cluster,,double_ball_cluster,,397,"[618,285,644,313]"
10626,8,r2_c1,35,real_ball,,real_ball,,200,"[575,940,590,956]"
10627,4,r2_c0,186,real_ball,,real_ball,,199,"[196,888,211,904]"
10628,1,r2_c1,304,real_ball,,interference,,191,"[733,796,754,820]"
10629,3,r0_c1,117,real_ball,,real_ball,,200,"[587,77,603,93]"
10630,6,r1_c2,256,double_ball_cluster,,shadow_double_ball_cluster,,358,"[891,348,908,378]"
10631,4,r0_c2,238,shadow_double_ball_cluster,,interference,,226,"[853,206,863,240]"
10632,2,r2_c2,206,shadow_ball,,shadow_ball,,137,"[1268,794,1280,809]"
10633,1,r2_c0,216,shadow_ball,,interference,,184,"[406,702,421,730]"
10634,3,r0_c2,237,real_ball,,shadow_ball,,158,"[1075,45,1090,60]"
10635,8,r0_c2,87,interference,,interference,,80,"[1148,64,1158,75]"
10636,1,r1_c1,108,real_ball,,real_ball,,178,"[648,425,663,440]"
10637,3,r2_c0,131,double_ball_cluster,,single_ball_background_mixed,,338,"[137,885,154,913]"
10638,8,r0_c0,84,interference,,real_ball,,122,"[416,196,427,211]"
10639,1,r1_c1,428,interference,,single_ball_background_mixed,,306,"[782,342,813,356]"
10640,6,r1_c2,173,interference,,interference,,73,"[1145,634,1156,643]"
10641,4,r2_c1,138,interference,,double_ball_cluster,,355,"[641,1001,670,1019]"
10642,3,r1_c0,8,real_ball,,real_ball,,177,"[193,564,208,579]"
10643,3,r1_c0,118,real_ball,,real_ball,,177,"[101,493,116,508]"
10644,3,r1_c1,72,real_ball,,shadow_ball,,182,"[589,378,604,394]"
10645,3,r2_c1,309,interference,,shadow_ball,,133,"[722,882,739,894]"
10646,2,r1_c1,375,double_ball_cluster,,single_ball_background_mixed,,378,"[431,347,456,378]"
10647,1,r0_c2,194,real_ball,,real_ball,,178,"[1030,161,1045,176]"
10648,4,r1_c1,296,interference,,shadow_double_ball_cluster,,354,"[484,434,508,457]"
10649,5,r1_c2,261,double_ball_cluster,,single_ball_background_mixed,,340,"[1201,523,1225,550]"
10650,2,r1_c1,386,double_ball_cluster,,single_ball_background_mixed,,343,"[585,624,605,652]"
10651,3,r0_c2,250,interference,,interference,,47,"[1177,16,1185,24]"
10652,5,r0_c0,168,real_ball,,real_ball,,184,"[133,194,148,210]"
10653,3,r2_c1,198,real_ball,,real_ball,,174,"[530,878,545,894]"
10654,8,r0_c2,109,interference,,interference,,56,"[1007,311,1017,319]"
10655,6,r0_c1,221,double_ball_cluster,,double_ball_cluster,,353,"[647,0,667,27]"
10656,2,r0_c1,12,real_ball,,shadow_ball,,178,"[647,148,662,163]"
10657,7,r1_c1,37,real_ball,,real_ball,,230,"[548,396,565,413]"
10658,4,r2_c2,196,single_ball_background_mixed,,single_ball_background_mixed,,243,"[1039,786,1052,810]"
10659,3,r2_c1,273,double_ball_cluster,,shadow_double_ball_cluster,,356,"[437,869,466,885]"
10660,2,r1_c2,390,double_ball_cluster,,shadow_double_ball_cluster,,358,"[858,571,883,597]"
10661,6,r1_c2,267,double_ball_cluster,,double_ball_cluster,,362,"[1020,600,1036,631]"
10662,4,r0_c2,23,real_ball,,real_ball,,178,"[1035,274,1050,289]"
10663,4,r0_c1,236,double_ball_cluster,,single_ball_background_mixed,,321,"[671,21,699,41]"
10664,3,r1_c0,367,double_ball_cluster,,double_ball_cluster,,353,"[174,508,189,537]"
10665,4,r1_c2,267,double_ball_cluster,,single_ball_background_mixed,,389,"[977,603,994,634]"
10666,3,r1_c2,362,double_ball_cluster,,double_ball_cluster,,357,"[868,397,891,424]"
10667,1,r2_c1,6,real_ball,,real_ball,,178,"[433,814,448,829]"
10668,5,r1_c0,8,real_ball,,shadow_ball,,179,"[149,612,164,627]"
10669,2,r1_c2,154,real_ball,,shadow_ball,,178,"[858,571,873,586]"
10670,5,r2_c0,138,interference,,interference,,54,"[81,754,88,763]"
10671,7,r2_c2,10,interference,,double_ball_cluster,,304,"[1238,980,1260,1006]"
10672,4,r0_c0,302,double_ball_cluster,,shadow_double_ball_cluster,,377,"[91,201,108,231]"
10673,2,r0_c2,108,interference,,shadow_double_ball_cluster,,372,"[974,278,996,300]"
10674,2,r1_c0,56,real_ball,,shadow_ball,,177,"[186,605,201,620]"
10675,4,r1_c0,249,interference,,shadow_double_ball_cluster,,399,"[214,453,235,480]"
10676,3,r1_c0,334,single_ball_background_mixed,,shadow_double_ball_cluster,,309,"[62,607,78,634]"
10677,5,r1_c1,279,double_ball_cluster,,shadow_double_ball_cluster,,360,"[613,381,643,399]"
10678,4,r1_c1,131,real_ball,,shadow_ball,,206,"[619,608,635,623]"
10679,1,r2_c0,329,double_ball_cluster,,double_ball_cluster,,374,"[156,788,178,817]"
10680,1,r0_c0,330,double_ball_cluster,,double_ball_cluster,,359,"[398,256,415,285]"
10681,4,r0_c2,258,interference,,shadow_ball,,136,"[1055,153,1068,169]"
10682,2,r0_c0,2,real_ball,,shadow_ball,,177,"[138,108,153,123]"
10683,3,r0_c2,264,double_ball_cluster,,single_ball_background_mixed,,375,"[1191,243,1208,275]"
10684,1,r2_c0,256,interference,,shadow_double_ball_cluster,,345,"[144,857,164,878]"
10685,7,r0_c2,11,single_ball_background_mixed,,double_ball_cluster,,270,"[1058,249,1075,271]"
10686,3,r0_c1,249,shadow_ball,,interference,,146,"[427,72,437,102]"
10687,5,r0_c0,139,shadow_double_ball_cluster,,double_ball_cluster,,357,"[172,124,196,148]"
10688,1,r2_c2,298,real_ball,,real_ball,,177,"[912,827,927,842]"
10689,3,r2_c0,211,double_ball_cluster,,double_ball_cluster,,357,"[267,873,285,903]"
10690,1,r0_c1,343,single_ball_background_mixed,,double_ball_cluster,,285,"[497,14,517,39]"
10691,2,r0_c2,361,shadow_ball,,interference,,170,"[912,19,926,46]"
10692,4,r2_c1,252,interference,,interference,,208,"[843,919,853,948]"
10693,5,r0_c0,141,real_ball,,real_ball,,206,"[59,107,74,124]"
10694,3,r2_c1,239,shadow_ball,,interference,,192,"[772,750,795,772]"
10695,1,r1_c0,317,double_ball_cluster,,double_ball_cluster,,354,"[159,434,188,452]"
10696,3,r1_c2,368,double_ball_cluster,,double_ball_cluster,,353,"[1184,654,1200,683]"
10697,4,r1_c1,37,real_ball,,shadow_ball,,181,"[622,593,638,607]"
10698,5,r2_c2,231,interference,,interference,,66,"[1185,697,1195,704]"
10699,4,r0_c0,231,double_ball_cluster,,double_ball_cluster,,353,"[130,228,150,256]"
10700,5,r2_c1,60,real_ball,,shadow_ball,,175,"[813,771,828,786]"
10701,2,r0_c0,401,double_ball_cluster,,shadow_double_ball_cluster,,357,"[345,248,360,278]"
10702,2,r0_c2,183,real_ball,,shadow_ball,,178,"[1039,6,1054,21]"
10703,6,r1_c0,221,interference,,interference,,557,"[276,587,315,622]"
10704,2,r0_c2,405,double_ball_cluster,,shadow_double_ball_cluster,,352,"[1088,163,1107,192]"
10705,3,r1_c1,318,double_ball_cluster,,double_ball_cluster,,365,"[474,590,499,616]"
10706,3,r0_c0,366,interference,,interference,,34,"[27,301,34,308]"
10707,4,r0_c0,255,real_ball,,real_ball,,171,"[404,254,418,269]"
10708,4,r2_c2,177,real_ball,,real_ball,,196,"[892,744,907,761]"
10709,2,r0_c1,349,double_ball_cluster,,shadow_double_ball_cluster,,353,"[784,224,814,243]"
10710,6,r1_c2,211,interference,,real_ball,,163,"[879,558,896,570]"